{
  "validation_timestamp": "2025-07-05T13:24:14.126021",
  "software_baseline_ns": 253.0,
  "backends_tested": [
    "cpu"
  ],
  "all_compliant": true,
  "results": {
    "cpu": {
      "mean_ns": 240.0221782900853,
      "cv": 0.10465708375330415,
      "p95_ns": 281.21984147009744,
      "p99_ns": 299.7820766517267,
      "improvement": 1.0540692606090343,
      "compliant": true
    }
  },
  "best_performance": {
    "backend": "cpu",
    "latency_ns": 240.0221782900853,
    "improvement": 1.0540692606090343
  }
}