{
  "simulator": {
    "behavioral_analysis": {
      "operation": "simulate_behavioral_analysis",
      "avg_time_ns": 93143.5432,
      "min_time_ns": 82166,
      "max_time_ns": 238958,
      "std_dev_ns": 7039.641243680941,
      "p50_ns": 91125.0,
      "p95_ns": 102169.04999999997,
      "p99_ns": 127417.83000000002,
      "samples": 10000,
      "memory_bytes": 631768
    },
    "network_adaptation": {
      "operation": "simulate_network_adaptation",
      "avg_time_ns": 13914.6494,
      "min_time_ns": 12167,
      "max_time_ns": 102125,
      "std_dev_ns": 2232.2183079348756,
      "p50_ns": 13625.0,
      "p95_ns": 14666.0,
      "p99_ns": 18543.670000000035,
      "samples": 10000,
      "memory_bytes": 366972
    }
  }
}